target_rps,arrival_rps_mean,arrival_rps_p50,arrival_rps_p99,svc_mean_us,svc_p50_us,svc_p90_us,svc_p99_us,ipc,llc_mpki,freq_mhz,freq_util_pct,active_windows,total_requests,ghz_actual_rps,ghz_p50_ms,ghz_p90_ms,ghz_p99_ms,ghz_errors,saturated,svc_bad_windows,svc_bad_pct,svc_p50_norm_kcyc,svc_p90_norm_kcyc,svc_p99_norm_kcyc
100,99.62,100.00,100.00,91.3,89.4,113.5,123.7,0.872,0.20,848,27.8,307,3057,99.93,4.58,5.68,27.96,0,false,3,1.0,74.8,95.2,103.9
300,298.90,300.00,300.00,75.5,73.9,95.4,118.2,0.927,0.12,857,29.2,290,8656,299.96,4.08,5.19,28.56,1,false,10,3.3,62.2,81.0,100.4
500,497.73,500.00,501.00,64.4,62.5,84.7,114.0,1.085,0.11,892,30.7,296,14733,499.87,3.70,4.89,25.51,1,false,4,1.3,54.4,74.5,100.6
700,697.04,700.00,701.00,50.6,48.6,68.4,96.9,1.118,0.09,1114,38.4,296,20694,699.91,3.36,4.60,25.01,1,false,3,1.0,51.9,73.8,104.9
900,896.12,900.00,901.00,38.6,36.9,52.6,74.1,1.105,0.09,1456,50.2,305,27333,899.90,3.23,4.43,29.44,2,false,5,1.6,52.2,74.5,105.1
1100,1094.78,1100.00,1101.00,31.3,30.1,41.5,57.6,1.081,0.09,1844,63.5,291,31857,1099.93,2.97,4.25,36.57,4,false,9,3.0,54.7,75.2,104.5
1300,1294.75,1300.00,1301.00,27.9,26.8,36.7,52.2,1.051,0.09,2059,71.0,296,38316,1299.90,2.93,4.17,38.15,3,false,4,1.3,54.9,75.2,106.7
1500,1494.16,1500.00,1501.00,25.0,24.0,32.7,47.6,1.126,0.08,2212,76.2,304,45564,1499.88,2.75,4.08,36.99,3,false,6,1.9,52.7,71.7,104.4
1700,1693.77,1700.00,1702.00,21.4,20.6,27.9,41.6,1.243,0.08,2333,80.3,290,49257,1699.84,2.62,3.92,29.85,6,false,9,3.0,47.9,65.0,96.8
1900,1892.64,1900.00,1902.00,22.1,21.2,28.6,41.7,1.175,0.09,2377,81.9,290,54915,1899.89,2.70,4.28,36.39,2,false,9,3.0,50.4,67.9,99.0
1980,1970.03,1980.00,1983.00,22.3,21.4,29.0,43.6,1.178,0.09,2348,80.9,294,58089,1979.86,2.67,4.10,31.45,6,false,4,1.3,50.3,68.2,102.5
2060,2050.34,2060.00,2061.00,20.9,20.1,26.9,39.8,1.232,0.09,2417,83.3,296,60654,2059.84,2.56,4.00,29.99,4,false,3,1.0,48.3,64.9,95.8
2140,2131.84,2140.00,2143.01,19.4,18.7,24.9,36.4,1.337,0.09,2409,83.0,300,64203,2139.82,2.61,4.37,48.38,6,false,8,2.6,45.0,59.9,87.6
2220,2210.80,2220.00,2222.03,18.6,17.8,23.9,36.8,1.326,0.08,2519,86.8,298,65949,2219.84,2.58,4.13,32.62,5,false,11,3.6,44.7,60.0,92.1
2230,2223.87,2230.00,2233.00,18.8,18.2,24.3,35.5,1.313,0.09,2515,86.6,298,66292,2229.79,2.57,4.25,39.15,3,false,11,3.6,45.5,60.7,88.8
2250,2241.43,2250.00,2252.96,18.8,18.1,24.2,35.6,1.312,0.09,2535,87.3,305,68427,2249.81,2.57,4.42,42.95,2,false,4,1.3,45.5,61.0,89.6
2270,2262.00,2270.00,2272.00,18.1,17.4,23.4,35.2,1.352,0.09,2603,89.8,289,65469,2269.77,2.58,4.30,37.11,2,false,9,3.0,45.1,60.6,91.1
2290,2279.92,2290.00,2294.00,19.9,19.1,25.9,39.4,1.311,0.09,2457,84.7,287,65504,2289.84,2.66,4.57,42.35,7,false,10,3.4,46.9,63.4,96.6
2310,2301.53,2310.00,2313.00,17.8,17.1,23.0,35.1,1.332,0.09,2746,94.7,292,67236,2309.77,2.58,4.32,38.10,4,false,7,2.3,46.6,62.4,95.6
2330,2318.17,2330.00,2334.00,19.7,18.9,25.6,38.6,1.276,0.09,2472,85.2,286,66482,2329.74,2.63,4.39,35.31,2,false,10,3.4,46.7,63.1,95.0
2350,2340.14,2350.00,2357.52,19.1,18.4,24.7,37.3,1.363,0.09,2473,85.2,288,67488,2349.80,2.59,4.37,37.55,8,false,9,3.0,45.4,61.1,92.2
2370,2359.20,2370.00,2373.11,18.1,17.4,23.3,34.8,1.427,0.09,2516,86.7,290,68731,2369.79,2.60,4.34,28.71,9,false,7,2.4,43.8,58.6,87.3
2390,2375.86,2390.00,2393.20,18.0,17.3,23.1,34.5,1.441,0.09,2540,87.5,281,66965,2389.72,2.57,4.43,38.03,4,false,16,5.4,43.8,58.5,87.5
2410,2378.31,2410.00,2412.00,18.3,17.7,23.6,34.3,1.437,0.09,2511,86.6,286,68945,2409.79,2.56,4.41,38.85,4,false,10,3.4,44.4,59.1,85.9
2430,2391.62,2430.00,2434.00,18.4,17.5,23.4,34.6,1.427,0.09,2617,90.2,276,66925,2429.88,2.52,4.37,46.30,8,false,14,4.8,45.7,61.0,90.3
2450,2403.41,2450.00,2454.26,18.0,17.3,23.2,34.7,1.440,0.10,2546,87.8,275,67131,2449.78,2.62,4.80,47.96,4,false,8,2.8,44.0,59.0,88.3
2470,2433.90,2470.00,2473.36,17.9,17.2,23.0,34.5,1.392,0.09,2634,90.8,265,65258,2469.81,2.59,4.51,36.03,4,false,13,4.7,45.2,60.6,90.9
2490,2434.04,2490.00,2492.00,18.6,17.9,24.2,36.3,1.398,0.10,2695,92.9,265,65737,2489.76,2.58,4.46,38.03,4,false,7,2.6,48.2,64.8,97.2
2510,2467.72,2510.00,2513.00,17.8,17.0,22.9,34.7,1.414,0.10,2757,95.1,253,63289,2509.76,2.55,4.51,42.04,4,false,9,3.4,46.9,63.1,95.5
2530,2485.79,2530.00,2533.63,17.4,16.8,22.5,32.6,1.440,0.10,2690,92.8,238,60103,2529.77,2.56,4.59,44.97,4,false,17,6.7,45.2,60.3,87.5
2550,2511.19,2550.00,2552.64,17.5,16.9,22.5,33.5,1.431,0.10,2745,94.7,237,60259,2549.75,2.56,4.30,26.57,3,false,13,5.2,46.4,61.8,92.1
2570,2528.91,2570.00,2581.60,17.6,16.3,21.8,33.2,1.422,0.10,2848,98.2,231,59400,2569.84,2.59,4.67,39.12,6,false,11,4.5,46.5,62.1,94.5
2770,2749.46,2770.00,2773.78,16.7,16.1,21.5,33.2,1.427,0.10,2863,98.7,223,61901,2769.82,2.54,4.56,43.33,5,false,15,6.3,46.0,61.5,95.0
2970,2912.98,2970.00,2973.00,16.7,16.0,21.5,33.2,1.397,0.10,2875,99.1,233,69189,2969.84,2.56,4.96,50.23,9,false,10,4.1,46.0,61.8,95.6
3170,3120.64,3170.00,3175.69,16.9,16.1,21.8,34.4,1.437,0.10,2901,100.0,232,73450,3169.74,2.62,4.87,39.89,7,false,12,4.9,46.8,63.2,99.9
3370,3333.19,3370.00,3372.00,15.3,14.7,19.6,30.8,1.458,0.10,2894,99.8,209,70437,3369.39,2.67,5.32,52.87,8,false,31,12.9,42.6,56.8,89.2
